index,year,code,id
6921,2008,EEA_3161-01-1,FRDR161B
6018,2008,EEA_3161-01-1,FRDR250B
15227,2009,EEA_3161-02-2,FRGR0296
17783,2010,EEA_3161-02-2,FRHR185
8412,2009,EEA_3161-05-5,FRAR57
10712,2009,EEA_3161-03-3,FRGR0284
10892,2010,EEA_3161-02-2,FRGR0362
15222,2009,EEA_3161-01-1,FRHR14
5827,2008,EEA_3161-02-2,UKSC020305
11471,2009,EEA_3161-02-2,FRGR0370
5745,2009,EEA_3161-02-2,FRGR0006A
8429,2009,EEA_3161-02-2,FRGR0548
12452,2009,EEA_3161-02-2,FRGR0344
12808,2008,EEA_3161-02-2,FRHR336
7702,2007,EEA_3161-02-2,UKSC023032
3716,2008,EEA_3161-05-5,FRDR422
11598,2009,EEA_3161-05-5,FRER70
1874,2009,EEA_3161-05-5,ES030MSPF0805021
18009,2009,EEA_3161-01-1,FRDR1414
2601,2009,EEA_3161-05-5,FRHR11A
12369,2009,EEA_3161-03-3,FRDR354B
1640,2009,EEA_3161-05-5,FRDR625
4162,2009,EEA_3161-01-1,ES12219
18238,2009,EEA_31615-01-7,FRHR238
17659,2008,EEA_3161-02-2,FRGR0543
1452,2008,EEA_3161-05-5,FRGR0462B
12416,2009,EEA_3161-02-2,FRDR354B
14327,2009,EEA_3161-01-1,FRFR348
554,2008,EEA_3161-03-3,FRGR0433
14548,2009,EEA_3161-05-5,FRGR0337B
18145,2009,EEA_31615-01-7,UKSC003806
14490,2009,EEA_3161-02-2,FRHR154A
2615,2009,EEA_3161-02-2,FRGR0284
3815,2008,EEA_3161-02-2,FRHR235
15735,2008,EEA_3161-02-2,UKGB109054043960
16577,2009,EEA_31615-01-7,FRGR0443B
14913,2009,EEA_3161-03-3,FRHR205
14124,2006,EEA_31615-01-7,UKGB106039023232
15226,2009,EEA_3161-05-5,FRGR0296
11520,2009,EEA_31615-01-7,UKSC006500
6084,2008,EEA_31615-01-7,FRDR250B
898,2007,EEA_31615-01-7,UKSC010642
10985,2008,EEA_3161-05-5,FRHR246A
5729,2008,EEA_3161-02-2,FRFR315A
3901,2009,EEA_3161-02-2,FRCR225
3856,2008,EEA_3161-02-2,FRDR687B
688,2008,EEA_3161-05-5,FRGR0524
5391,2009,EEA_31615-01-7,FRFR177
7798,2009,EEA_3161-01-1,FRFRR240_1
2785,2008,EEA_3161-01-1,FRDR2031
8039,2009,EEA_3161-03-3,ES030MSPF0427021
15846,2008,EEA_3161-03-3,FRGR0546
727,2008,EEA_31615-01-7,FRHR79
15758,2008,EEA_3161-02-2,UKGB105033037500
2425,2009,EEA_3161-01-1,FRGR0167A
90,2009,EEA_3161-05-5,FRGR0178A
6826,2008,EEA_3161-02-2,FRHR31
9992,2009,EEA_3161-01-1,FRHR228A
6806,2008,EEA_3161-01-1,FRGR0273
7612,2009,EEA_3161-03-3,FRAR41
3189,2008,EEA_31615-01-7,FRDR202
3653,2008,EEA_3161-02-2,FRCR381
13591,2009,EEA_31615-01-7,FRCR333
1937,2009,EEA_3161-01-1,ES030MSPF0422021
13672,2009,EEA_3161-02-2,FRFR318A
19758,2010,EEA_3161-02-2,FRAR37
12171,2009,EEA_31615-01-7,ES080MSPF15-17
17734,2011,EEA_3161-05-5,LT140101603
14226,2009,EEA_3161-02-2,FRFR183
14526,2009,EEA_3161-02-2,FRGR0337B
15931,2010,EEA_3161-02-2,FRAR50
7790,2009,EEA_3161-02-2,FRFR242
12574,2009,EEA_3161-01-1,FRFR252A
7351,2009,EEA_3161-05-5,FRFRR227_2
18062,2010,EEA_3161-02-2,FRDR619
15993,2010,EEA_3161-02-2,FRAR10
2423,2009,EEA_3161-02-2,FRDR173B
8356,2009,EEA_31615-01-7,FRGR0546
19257,2008,EEA_3161-01-1,FRGR0574
8835,2008,EEA_3161-02-2,FRGR0524
17965,2009,EEA_3161-03-3,FRHR259
11054,2008,EEA_3161-05-5,FRHR344-I8004000
1272,2008,EEA_31615-01-7,FRGR0475
9798,2008,EEA_31615-01-7,FI04_471_Y01
6292,2009,EEA_3161-03-3,BERW06_OU11R
730,2008,EEA_3161-01-1,FRDR182
12554,2009,EEA_3161-02-2,ES014MSPFES-014-MR-204-000-05-00
18572,2009,EEA_3161-02-2,UKSC006834
3206,2008,EEA_31615-01-7,FRDR187
17735,2010,EEA_3161-02-2,FRHR259
523,2008,EEA_3161-05-5,FRDR2023
17737,2011,EEA_31615-01-7,LT140101603
5017,2008,EEA_31615-01-7,FRGR1197
5241,2009,EEA_3161-02-2,FRDR11359
1548,2008,EEA_3161-02-2,FRCR333
875,2009,EEA_3161-01-1,FRCR90
7427,2009,EEA_3161-05-5,FRGR0002
11110,2008,EEA_3161-02-2,UKSC010492
13671,2009,EEA_3161-05-5,FRFR318A
1244,2006,EEA_3161-02-2,UKSC006320
16367,2009,EEA_31615-01-7,UKSC020446
4449,2009,EEA_3161-02-2,FRGR0539A
14320,2009,EEA_3161-02-2,FRGR0444
213,2009,EEA_3161-02-2,FRGR0418
3076,2008,EEA_3161-01-1,FRDR223
15577,2009,EEA_3161-05-5,FRDR647
1928,2009,EEA_3161-03-3,FRCR212
14541,2009,EEA_3161-02-2,FRDR373
3102,2008,EEA_31615-01-7,FRAR30
13794,2009,EEA_3161-01-1,FRCR267
16252,2009,EEA_31615-01-7,FRFR348
5226,2009,EEA_31615-01-7,FRDR136B
331,2009,EEA_3161-02-2,FRCR127
13098,2009,EEA_3161-03-3,FRHR197
7567,2009,EEA_3161-03-3,ES12158
1473,2008,EEA_3161-02-2,FRGR0534
13497,2009,EEA_3161-02-2,UKSC010465
2422,2009,EEA_3161-05-5,FRDR173B
4229,2008,EEA_31615-01-7,FRGR0472
9263,2008,EEA_3161-02-2,FRDR428B
5363,2009,EEA_3161-03-3,FRFRR227_2
11950,2009,EEA_3161-05-5,ES080MSPF15-17
9893,2008,EEA_3161-03-3,FRGR0544
2524,2008,EEA_31615-01-7,FRDR182
4842,2008,EEA_3161-01-1,FRGR0121
1068,2009,EEA_3161-03-3,FRGR0111
14343,2009,EEA_3161-05-5,FRFR83A
2607,2009,EEA_3161-01-1,FRGR0144A
726,2008,EEA_3161-05-5,FRHR79
476,2008,EEA_3161-02-2,FRDR1414
3413,2008,EEA_3161-05-5,FRFR158
1118,2009,EEA_3161-01-1,FRER10807
10667,2009,EEA_3161-01-1,FRGR0279
8055,2008,EEA_31615-01-7,UKGB103023075801
10052,2009,EEA_31615-01-7,FRHR183-H0182000
12528,2009,EEA_31615-01-7,FRFR161
10169,2009,EEA_3161-03-3,FRHR216C
15186,2009,EEA_3161-01-1,FRGR0295
3736,2008,EEA_3161-02-2,FRDR2007E
8050,2009,EEA_3161-02-2,ES030MSPF0427021
1283,2008,EEA_3161-03-3,FRGR0475
8443,2009,EEA_3161-05-5,FRAR06
11056,2008,EEA_3161-02-2,FRHR344-I8004000
9691,2009,EEA_3161-05-5,FRGR0524
6632,2009,EEA_3161-01-1,FRAR06
15149,2009,EEA_3161-02-2,FI59_911_Y01
3953,2009,EEA_3161-01-1,FRGR0574
2537,2008,EEA_3161-02-2,FRHR254
16881,2009,EEA_31615-01-7,FRDR282
19412,2010,EEA_3161-02-2,FRHR216B
6073,2008,EEA_3161-02-2,FRDR275
19575,2009,EEA_3161-01-1,FRHR263
14356,2009,EEA_31615-01-7,FRGR0402
4546,2009,EEA_3161-02-2,FRFR228
15643,2010,EEA_3161-02-2,UKSC020637
1659,2009,EEA_31615-01-7,FRGR0057
15842,2008,EEA_31615-01-7,FRGR0544
15139,2010,EEA_3161-01-1,ES12158
19900,2009,EEA_3161-03-3,FRHR251A
2207,2009,EEA_31615-01-7,FRGR0504
3117,2008,EEA_3161-01-1,FRDR196B
18411,2008,EEA_3161-05-5,FRDR429A
6936,2008,EEA_3161-03-3,FRDR199
2185,2009,EEA_3161-05-5,ES13073
3109,2008,EEA_31615-01-7,FRDR201
5123,2008,EEA_3161-01-1,FRCR333
2660,2009,EEA_3161-03-3,ES030MSPF0448021
4259,2009,EEA_3161-03-3,FRCR230
7404,2009,EEA_3161-05-5,FRFR280
1293,2008,EEA_3161-01-1,FRGR0462A
6726,2009,EEA_3161-05-5,FRAR61
4784,2008,EEA_3161-02-2,FI04-271-1-001_001
16980,2008,EEA_3161-05-5,FRHR315
9923,2009,EEA_31615-01-7,UKSC005266
7147,2009,EEA_3161-03-3,FRHR20
12794,2008,EEA_3161-05-5,FRHR259
17940,2009,EEA_3161-01-1,FRFR220
11695,2009,EEA_3161-02-2,UKSC005010
2105,2009,EEA_3161-01-1,FRCR127
6730,2009,EEA_3161-03-3,FRAR37
3328,2009,EEA_3161-05-5,FRCR230
11443,2009,EEA_3161-02-2,FRFR332
9810,2008,EEA_3161-02-2,FRAR51
2762,2008,EEA_31615-01-7,FRDR2007F
9051,2009,EEA_3161-01-1,FRHR233
839,2009,EEA_3161-03-3,ES12120
945,2007,EEA_31615-01-7,UKSC010657
9548,2008,EEA_3161-02-2,UKSC023032
6293,2009,EEA_31615-01-7,BERW06_ML07R
2592,2009,EEA_3161-02-2,FRGR0283
15125,2010,EEA_3161-03-3,ES030MSPF0920010
5255,2009,EEA_3161-01-1,FRDR187
13374,2008,EEA_3161-03-3,FRHR95A
7345,2009,EEA_3161-05-5,FI53_011_Y01
1453,2008,EEA_3161-01-1,FRGR0458
19439,2010,EEA_3161-02-2,FRHR183-H0182000
1036,2009,EEA_3161-05-5,FRGR0112
13071,2008,EEA_3161-03-3,FRGR0390
11825,2009,EEA_3161-05-5,FRHR205
11814,2009,EEA_3161-05-5,FRHR202A
14447,2009,EEA_3161-05-5,FRHR139
8911,2008,EEA_3161-03-3,FRGR0525
6697,2009,EEA_31615-01-7,FRAR55
5462,2008,EEA_3161-05-5,FRFR252A
15252,2009,EEA_3161-03-3,FRHR14
9012,2009,EEA_3161-02-2,ES030MSPF0419010
6585,2008,EEA_3161-02-2,ES014MSPFES-014-NR-244-000-05-01
117,2008,EEA_3161-05-5,FRGR0543
15893,2009,EEA_3161-03-3,ES014MSPFES-014-MR-204-000-05-00
9408,2009,EEA_3161-03-3,FRGR0543
1910,2009,EEA_3161-05-5,FRCR22
8906,2008,EEA_3161-03-3,FRGR0460C
2075,2009,EEA_3161-03-3,FRCR78
5773,2009,EEA_3161-05-5,FRAR48
4806,2009,EEA_3161-02-2,FRGR0224
6981,2008,EEA_31615-01-7,FRGR0296
6587,2008,EEA_3161-02-2,ES014MSPFES-014-MR-122-000-02-00
953,2007,EEA_3161-02-2,UKSC006800
18169,2009,EEA_3161-01-1,FRDR277A
2392,2009,EEA_3161-02-2,FRCR69
8898,2008,EEA_3161-01-1,FRGR0525
6423,2009,EEA_3161-03-3,ES064MSPF000206680
11091,2008,EEA_31615-01-7,FRHR251A
18194,2009,EEA_31615-01-7,FRDR2030
6603,2008,EEA_3161-01-1,ES014MSPFES-014-MR-122-000-02-00
6618,2008,EEA_3161-03-3,ES014MSPFES-014-NR-204-000-04-02
5329,2009,EEA_31615-01-7,FRFR178
1478,2008,EEA_31615-01-7,FRGR0534
10850,2009,EEA_3161-03-3,ES10358
11060,2008,EEA_3161-05-5,FRHR263
1138,2006,EEA_31615-01-7,UKSC023000
8576,2009,EEA_3161-05-5,FRDR192B
12123,2009,EEA_3161-05-5,LVG220
4900,2008,EEA_3161-02-2,FRDR187
3861,2008,EEA_31615-01-7,FRGR0381
12951,2010,EEA_3161-02-2,FI59_521_Y01
4503,2009,EEA_31615-01-7,FRFR228
1376,2006,EEA_3161-02-2,UKSC010757
15261,2009,EEA_3161-03-3,FRGR0295
7930,2008,EEA_3161-02-2,UKSC010101
2994,2008,EEA_3161-05-5,FRDR233
797,2009,EEA_3161-03-3,FRGR0229
10984,2008,EEA_3161-01-1,FRHR246A
7104,2009,EEA_3161-05-5,FRER10807
1136,2006,EEA_31615-01-7,UKSC010757
3054,2008,EEA_31615-01-7,FRGR0144B
17270,2009,EEA_3161-01-1,FRDR647
3462,2009,EEA_3161-05-5,FI14_923_Y01
13183,2008,EEA_31615-01-7,BERW06_ML12R
5223,2009,EEA_31615-01-7,FRDR182
9075,2009,EEA_3161-02-2,FRHR264A
18248,2009,EEA_3161-01-1,FRHR246B
11425,2008,EEA_31615-01-7,FRDR1806A
3174,2008,EEA_3161-02-2,FRDR196B
4183,2008,EEA_3161-03-3,FRDR541A
1278,2008,EEA_3161-02-2,FRGR0476
2874,2009,EEA_3161-01-1,FRER65
4341,2008,EEA_3161-01-1,FRFR611
17753,2010,EEA_3161-02-2,FRHR263
15984,2010,EEA_3161-02-2,FI04_331_Y01
11191,2009,EEA_3161-05-5,FRHR229
15264,2009,EEA_3161-03-3,FRGR0126C
15829,2008,EEA_3161-05-5,FRGR0544
6437,2008,EEA_3161-05-5,FI04-271-1-001_001
8043,2009,EEA_3161-05-5,ES12122
17542,2006,EEA_3161-02-2,UKGB106039029810
8444,2009,EEA_31615-01-7,FRAR06
5194,2009,EEA_3161-05-5,FRDR196A
1038,2009,EEA_3161-05-5,FRGR0279
14005,2010,EEA_31615-01-7,UKSC020165
18777,2010,EEA_3161-02-2,FRFR252A
6692,2009,EEA_3161-02-2,FRAR61
3069,2008,EEA_3161-01-1,FRGR2153
4931,2009,EEA_3161-02-2,ES030MSPF0711010
18946,2009,EEA_3161-02-2,FRDR323C
6130,2009,EEA_31615-01-7,FRAR08
8633,2009,EEA_3161-01-1,FRGR0560
4732,2009,EEA_3161-02-2,ES030MSPF0430021
2087,2009,EEA_31615-01-7,ES12086
15267,2009,EEA_31615-01-7,FRGR0131
7238,2008,EEA_3161-02-2,UKGB106038033290
18627,2009,EEA_31615-01-7,UKSC005603
734,2008,EEA_3161-05-5,FRDR136B
391,2009,EEA_3161-02-2,FRHR315
17268,2009,EEA_3161-01-1,FRDR648B
19088,2009,EEA_3161-02-2,FRFR188
988,2008,EEA_3161-05-5,FRDR91
10864,2009,EEA_3161-05-5,FRFR158
14829,2009,EEA_3161-01-1,FRGR0444
8666,2009,EEA_3161-02-2,FRAR63
18241,2009,EEA_3161-05-5,FRHR239
11832,2009,EEA_3161-01-1,FRHR200
19772,2010,EEA_3161-02-2,FRCR69
1166,2006,EEA_3161-02-2,UKSC006800
5539,2009,EEA_3161-01-1,FRHR21
2061,2009,EEA_3161-03-3,FRCR132
13601,2009,EEA_3161-05-5,FRDR2007D
13937,2009,EEA_3161-01-1,FRGR0375
18396,2008,EEA_31615-01-7,FRDR670
7805,2009,EEA_31615-01-7,FRGR0002
12080,2009,EEA_31615-01-7,UKSC005900
6019,2008,EEA_3161-05-5,FRDR250B
6605,2008,EEA_3161-03-3,ES10373
2553,2008,EEA_3161-05-5,FRDR179
19254,2008,EEA_31615-01-7,BERW06_SC09R
4282,2009,EEA_3161-03-3,FRCR207
16670,2008,EEA_3161-02-2,UKGB108048001270
18351,2006,EEA_3161-05-5,UKGB108048001231
13440,2008,EEA_3161-02-2,FRGR0311A
14711,2010,EEA_3161-03-3,ES12118
11564,2008,EEA_3161-03-3,FRGR2222
7836,2009,EEA_3161-05-5,FRFR330B
3207,2008,EEA_31615-01-7,FRDR161B
2685,2009,EEA_3161-02-2,ES030MSPF0450010
11830,2009,EEA_31615-01-7,FRHR228A
2460,2009,EEA_3161-01-1,ES030MSPF0427021
9748,2008,EEA_3161-02-2,FRHR93B
16567,2009,EEA_3161-01-1,FRHR242
13384,2008,EEA_3161-01-1,FRFR186
6391,2009,EEA_31615-01-7,FRHR264A
9291,2008,EEA_3161-03-3,BERW06_LE14R
7646,2009,EEA_3161-03-3,FRAR50
18079,2010,EEA_3161-02-2,FRGR0574
11466,2009,EEA_3161-02-2,FRGR1245
6962,2008,EEA_31615-01-7,FRGR0007B
19020,2009,EEA_3161-05-5,FRDR1060
9412,2009,EEA_3161-05-5,FRFR177
2424,2009,EEA_31615-01-7,FRGR0004A
13414,2008,EEA_3161-02-2,FRAR03
2264,2008,EEA_3161-02-2,FRGR0575B
18054,2010,EEA_3161-02-2,FRDR625
12015,2009,EEA_3161-01-1,FRDR2007D
18666,2009,EEA_3161-05-5,FRGR0513
1201,2006,EEA_31615-01-7,UKSC023032
136,2008,EEA_3161-02-2,FRGR0543
18955,2009,EEA_3161-01-1,FRDR312
1217,2006,EEA_3161-02-2,UKSC006586
5044,2008,EEA_3161-02-2,FRGR0231
8595,2009,EEA_3161-02-2,FRAR32
1763,2009,EEA_3161-05-5,FRDR110
10412,2009,EEA_3161-02-2,ES080MSPF15-17
12558,2009,EEA_3161-05-5,FRFR170
6913,2008,EEA_3161-03-3,FRAR02
5231,2009,EEA_3161-01-1,FRDR182
1744,2009,EEA_3161-01-1,FRGR0062
6613,2008,EEA_3161-05-5,ES10373
6706,2009,EEA_3161-01-1,FRAR02
9982,2009,EEA_31615-01-7,FRHR203
1025,2008,EEA_3161-01-1,FRFR161
6846,2008,EEA_3161-02-2,FRHR42C
17889,2010,EEA_3161-05-5,ES030MSPF0109020
4105,2009,EEA_3161-03-3,FRAR10
12239,2010,EEA_3161-05-5,FI59_911_Y01
13878,2009,EEA_31615-01-7,FRFR332
10749,2010,EEA_3161-05-5,ES030MSPF0114010
9813,2008,EEA_3161-05-5,FRAR37
4222,2008,EEA_3161-01-1,FRGR0513
1030,2008,EEA_3161-01-1,FRFR170
16338,2009,EEA_3161-05-5,LVL100SP
3961,2009,EEA_3161-05-5,FRGR0573
1560,2008,EEA_31615-01-7,FRCR457
5535,2009,EEA_3161-05-5,FRDR11534
6058,2008,EEA_31615-01-7,FRDR203
16553,2009,EEA_3161-02-2,FRGR0419
7664,2009,EEA_3161-05-5,FRGR0543
2990,2008,EEA_3161-02-2,FRGR0290
2411,2009,EEA_3161-01-1,FRDR174
18170,2009,EEA_3161-05-5,FRDR277A
2110,2009,EEA_3161-02-2,FRCR132
11642,2009,EEA_31615-01-7,FRGR0290
16882,2009,EEA_3161-02-2,FRDR282
273,2009,EEA_3161-05-5,ES030MSPF0522011
18131,2009,EEA_3161-02-2,UKSC005701
5482,2008,EEA_3161-03-3,FRDR130
7668,2009,EEA_3161-01-1,FRFR178
1371,2008,EEA_3161-05-5,FRGR0476
3139,2008,EEA_3161-05-5,FRDR196A
4298,2009,EEA_31615-01-7,FRCR230
7370,2009,EEA_3161-05-5,FRFR777
3806,2008,EEA_31615-01-7,FRHR241
4560,2009,EEA_31615-01-7,FRFR228
9786,2008,EEA_3161-02-2,FRCR155
13469,2008,EEA_3161-01-1,FRAR35
16981,2008,EEA_31615-01-7,FRHR315
6620,2008,EEA_3161-02-2,FRHR24
28,2009,EEA_3161-05-5,FRDR174
17163,2009,EEA_31615-01-7,UKGB108047004000
11650,2009,EEA_3161-03-3,FRDR593A
3406,2008,EEA_31615-01-7,FRFR161
2389,2009,EEA_3161-02-2,FRDR179
52,2009,EEA_3161-02-2,FRGR0178A
1552,2008,EEA_3161-03-3,FRCR335
12217,2010,EEA_31615-01-7,FI59-923-1-006_001
4087,2009,EEA_31615-01-7,FRAR50
1576,2008,EEA_3161-02-2,FRCR457
381,2009,EEA_3161-02-2,FRHR314
4049,2009,EEA_3161-03-3,FRGR0563
1656,2009,EEA_31615-01-7,FRGR0052
6902,2008,EEA_3161-03-3,FRGR0298
9551,2008,EEA_3161-02-2,UKSC023265
1015,2008,EEA_3161-05-5,FRFR161
9907,2009,EEA_3161-02-2,UKSC006806
16535,2009,EEA_3161-03-3,FRHR246A
14439,2009,EEA_3161-02-2,FRHR137
13772,2009,EEA_3161-03-3,FRCR267
6565,2008,EEA_31615-01-7,FRGR0144A
3169,2008,EEA_3161-02-2,FRDR162
6611,2008,EEA_3161-02-2,FRHR32
8891,2008,EEA_3161-05-5,FRGR0518
12698,2010,EEA_3161-02-2,FRGR0311A
13432,2008,EEA_31615-01-7,FRFR186
19304,2008,EEA_3161-03-3,BERW06_SC09R
4362,2012,EEA_31615-01-7,LT100100014
16587,2009,EEA_3161-02-2,FRGR0422
19532,2009,EEA_3161-05-5,FRHR109
5125,2008,EEA_3161-05-5,FRCR333
3121,2008,EEA_3161-02-2,FRDR203
18074,2010,EEA_31615-01-7,ES030MSPF1020010
2694,2009,EEA_31615-01-7,FI14_923_Y01
13510,2009,EEA_3161-01-1,FRCR283
7571,2009,EEA_3161-01-1,ES030MSPF0735010
11497,2009,EEA_3161-01-1,FRGR0351C
2217,2009,EEA_3161-01-1,FRGR0505B
16368,2009,EEA_3161-02-2,UKSC020446
3159,2008,EEA_3161-03-3,FRGR1116
9688,2009,EEA_3161-01-1,FRGR0456
2363,2009,EEA_31615-01-7,ES12158
1902,2009,EEA_3161-05-5,FRCR277
5300,2007,EEA_3161-02-2,UKSC010465
9901,2006,EEA_3161-02-2,UKSC023346
13743,2009,EEA_31615-01-7,FRCR249
3078,2008,EEA_3161-01-1,FRDR227
4487,2009,EEA_3161-01-1,FRFR231
19443,2010,EEA_31615-01-7,UKSC010642
4789,2009,EEA_3161-01-1,FRCR214
9780,2008,EEA_3161-03-3,FRGR0007C
16937,2008,EEA_3161-05-5,FRDR10693
1575,2008,EEA_3161-03-3,FRCR457
9303,2008,EEA_3161-03-3,BERW06_AM17R
11694,2009,EEA_31615-01-7,UKSC005010
9008,2009,EEA_3161-02-2,ES030MSPF0311010
610,2009,EEA_3161-01-1,FRCR69
268,2009,EEA_3161-03-3,FRB1R562
1055,2009,EEA_3161-02-2,FRGR0111
3985,2009,EEA_3161-05-5,ES030MSPF0448021
6289,2009,EEA_3161-03-3,BERW06_MV35R
9374,2009,EEA_3161-02-2,FRFR177
728,2008,EEA_3161-02-2,FRHR79
9843,2009,EEA_31615-01-7,FRGR0381
17173,2010,EEA_3161-05-5,ES12117
17373,2010,EEA_3161-05-5,ES030MSPF0430021
17638,2009,EEA_3161-05-5,FRFR186
12215,2010,EEA_3161-02-2,FI59_911_Y01
9681,2009,EEA_3161-05-5,FRGR0462B
2614,2009,EEA_3161-05-5,FRGR0284
15022,2008,EEA_31615-01-7,UKGB110061030670
14368,2009,EEA_3161-05-5,ES030MSPF1037010
8404,2009,EEA_31615-01-7,FRAR04
8413,2009,EEA_31615-01-7,FRAR57
10614,2009,EEA_3161-03-3,ES030MSPF0427021
11928,2009,EEA_31615-01-7,FRHR216B
8727,2010,EEA_3161-02-2,FRFR230
5200,2009,EEA_3161-03-3,ES030MSPF0318010
2618,2009,EEA_31615-01-7,FRCR176
658,2006,EEA_3161-02-2,UKSC010484
319,2009,EEA_3161-03-3,FRGR0178A
13059,2008,EEA_3161-01-1,FRGR0407
3921,2009,EEA_3161-02-2,FRCR277
17799,2009,EEA_3161-02-2,FRHR143
524,2008,EEA_31615-01-7,FRDR2023
4981,2009,EEA_3161-02-2,ES12179
2130,2009,EEA_3161-01-1,ES030MSPF0310010
5523,2009,EEA_3161-05-5,FRHR20
4799,2009,EEA_3161-05-5,FRCR225
99,2007,EEA_3161-02-2,UKSC005287
6148,2009,EEA_3161-05-5,FRAR32
8592,2009,EEA_3161-05-5,FRAR63
2478,2007,EEA_3161-02-2,UKSC005266
475,2008,EEA_3161-05-5,FRDR1414
13577,2009,EEA_3161-02-2,FRCR283
842,2009,EEA_31615-01-7,ES12118
2554,2008,EEA_3161-05-5,FRDR175B
1644,2009,EEA_3161-05-5,FRGR1488
1466,2008,EEA_31615-01-7,FRGR0458
14919,2009,EEA_3161-02-2,FRHR232B
9622,2009,EEA_31615-01-7,FRGR0455B
6099,2009,EEA_3161-05-5,FRFRR240_1
9394,2009,EEA_31615-01-7,FRFR178
14540,2009,EEA_31615-01-7,FRDR373
15688,2009,EEA_3161-02-2,SE631940-152245
3914,2009,EEA_3161-05-5,FRCR176
1626,2009,EEA_3161-02-2,ES12113
5018,2008,EEA_3161-02-2,FRGR1197
13780,2009,EEA_3161-01-1,FRCR249
3975,2009,EEA_3161-05-5,FRCR127
13790,2009,EEA_31615-01-7,FRGR0206
4553,2009,EEA_3161-02-2,FRGR1892
10241,2009,EEA_3161-03-3,ES030MSPF1020010
8873,2008,EEA_3161-03-3,FRGR0504
11447,2009,EEA_31615-01-7,FRGR0375
562,2008,EEA_3161-01-1,FRGR0361
11067,2008,EEA_31615-01-7,FRHR264A
745,2008,EEA_3161-05-5,FRDR11359
5214,2009,EEA_3161-01-1,FRAR63
1900,2009,EEA_3161-01-1,FRCR277
11014,2008,EEA_3161-05-5,FRHR251A
2604,2009,EEA_31615-01-7,FRHR21
9485,2008,EEA_3161-02-2,UKSC010610
13270,2009,EEA_3161-02-2,FRDR161A
6621,2008,EEA_3161-05-5,FRHR31
12238,2010,EEA_31615-01-7,FI59_911_Y01
863,2009,EEA_3161-02-2,FRGR0144A
397,2009,EEA_31615-01-7,FRHR354-I5030600
944,2007,EEA_31615-01-7,UKSC010492
1438,2008,EEA_3161-05-5,FRGR0462A
487,2008,EEA_3161-01-1,FRDR490
4058,2009,EEA_3161-01-1,FRGR0563
628,2009,EEA_3161-05-5,FRGR0004A
18799,2010,EEA_3161-02-2,FRFR251
14117,2006,EEA_3161-02-2,UKGB106038033270
1299,2008,EEA_3161-01-1,FRGR1337
1020,2008,EEA_3161-05-5,FRFR252A
6903,2008,EEA_3161-02-2,FRGR0298
6104,2009,EEA_3161-02-2,FRGR0162
989,2008,EEA_3161-02-2,FRDR91
685,2008,EEA_3161-05-5,FRGR0520
14001,2010,EEA_31615-01-7,UKSC020317
4044,2009,EEA_31615-01-7,FRGR0534
14823,2009,EEA_3161-03-3,FRHR239
7733,2009,EEA_3161-03-3,BERW06_SC09R
1171,2006,EEA_3161-02-2,UKSC005701
1684,2009,EEA_31615-01-7,FRDR619
3173,2008,EEA_3161-01-1,FRAR02
15239,2009,EEA_3161-05-5,FRGR0295
6677,2009,EEA_3161-05-5,FRAR01
10273,2009,EEA_3161-01-1,ES030MSPF1005021
802,2009,EEA_3161-01-1,FRGR0286
19576,2009,EEA_3161-05-5,FRHR263
5666,2008,EEA_3161-05-5,FRFR300B
11026,2008,EEA_3161-02-2,FRHR259
815,2009,EEA_31615-01-7,ES12113
3114,2008,EEA_31615-01-7,FRDR200
654,2006,EEA_3161-02-2,UKSC010492
17031,2008,EEA_31615-01-7,FRHR321
11440,2008,EEA_3161-05-5,FRDR280
7137,2009,EEA_3161-05-5,FRGR0144B
16099,2009,EEA_31615-01-7,FRHR254
15653,2010,EEA_3161-02-2,UKSC020057
15185,2009,EEA_3161-03-3,FRHR14
5808,2008,EEA_3161-02-2,UKSC006000
7806,2009,EEA_31615-01-7,FRGR0002
2866,2009,EEA_31615-01-7,FRFR477A
1636,2009,EEA_3161-02-2,FRGR0062
13773,2009,EEA_3161-02-2,FRCR267
1784,2009,EEA_31615-01-7,FRDR106
11782,2009,EEA_31615-01-7,UKSC010465
890,2007,EEA_31615-01-7,UKSC005220
16323,2009,EEA_31615-01-7,UKSC006320
5236,2009,EEA_31615-01-7,FRDR187
1690,2009,EEA_3161-01-1,FRGR1488
13340,2009,EEA_3161-03-3,FRGR1534
19864,2009,EEA_3161-02-2,FRFR2
761,2008,EEA_3161-02-2,FRDR182
338,2009,EEA_3161-05-5,FRHR317-I4310600
13421,2008,EEA_3161-03-3,FRGR0308
15599,2009,EEA_3161-05-5,FRDR10142
3177,2008,EEA_3161-02-2,FRDR192B
5505,2008,EEA_3161-05-5,FRDR887
16300,2009,EEA_3161-02-2,UKSC004734
13837,2010,EEA_31615-01-7,ES11415
19,2009,EEA_3161-01-1,FRDR179
12221,2010,EEA_3161-05-5,FI59_521_Y01
9267,2008,EEA_31615-01-7,UKGB108048001270
9389,2009,EEA_31615-01-7,FRFR179
15278,2009,EEA_31615-01-7,FRCR338
724,2008,EEA_31615-01-7,FRHR77
11206,2009,EEA_3161-02-2,FRHR179
5240,2009,EEA_31615-01-7,FRDR11359
13301,2009,EEA_3161-01-1,FRGR0206
8568,2009,EEA_3161-02-2,FRAR66
5889,2008,EEA_3161-01-1,FRDR541A
10610,2009,EEA_3161-02-2,ES030MSPF0427021
17507,2008,EEA_3161-02-2,UKGB106039023232
14501,2009,EEA_31615-01-7,FRGR0337B
13665,2009,EEA_3161-01-1,FRFR671
2962,2008,EEA_3161-05-5,FRGR0359A
16295,2009,EEA_3161-02-2,UKSC006320
18344,2008,EEA_3161-01-1,FRDR676
11826,2009,EEA_3161-02-2,FRHR216A
825,2009,EEA_3161-03-3,ES12121
5273,2009,EEA_3161-02-2,FRDR182
11465,2009,EEA_31615-01-7,FRGR1245
6554,2008,EEA_31615-01-7,FRHR18
584,2009,EEA_3161-05-5,FRGR0167A
6652,2009,EEA_31615-01-7,FRAR05
19518,2009,EEA_3161-02-2,FRHR109
1559,2008,EEA_3161-05-5,FRCR457
1057,2009,EEA_3161-03-3,FRGR0112
9034,2009,EEA_31615-01-7,FRHR202A
2681,2009,EEA_3161-01-1,FRCR155
12793,2008,EEA_3161-05-5,FRHR254
9735,2008,EEA_3161-05-5,FRFR186
17733,2010,EEA_3161-02-2,FRFR157A
18934,2009,EEA_3161-01-1,FRFR100
19431,2010,EEA_3161-02-2,FRHR179
17382,2010,EEA_31615-01-7,ES13259
116,2008,EEA_3161-03-3,FRGR0543
3186,2008,EEA_3161-01-1,FRDR201
5417,2009,EEA_31615-01-7,FRFR230
1731,2009,EEA_3161-01-1,FRGR0058
6771,2008,EEA_31615-01-7,FRHR21
2870,2009,EEA_3161-02-2,FRER70
6942,2008,EEA_3161-05-5,FRDR192B
7154,2009,EEA_3161-05-5,FRDR84
15953,2010,EEA_3161-05-5,FI02_021_Y01
15156,2008,EEA_31615-01-7,FRAR03
3300,2009,EEA_31615-01-7,FI14_923_Y01
18378,2008,EEA_3161-05-5,FRDR517C
9836,2009,EEA_3161-01-1,FRGR0362
7497,2008,EEA_3161-03-3,FRDR677
3739,2008,EEA_3161-05-5,FRDR11534
5677,2008,EEA_3161-05-5,FRFR213A
18034,2009,EEA_3161-05-5,FRHR52A
6708,2009,EEA_3161-01-1,FRAR01
5616,2008,EEA_3161-01-1,FRGR0541
4013,2009,EEA_3161-03-3,ES030MSPF0732010
10500,2007,EEA_3161-02-2,UKGB104027057770
5344,2009,EEA_3161-05-5,FRFR229
12459,2009,EEA_3161-02-2,UKSC006499
12229,2010,EEA_31615-01-7,FI59_911_Y01
9744,2008,EEA_3161-02-2,FRHR95A
8419,2009,EEA_31615-01-7,FRGR0548
2669,2009,EEA_3161-05-5,ES030MSPF0450010
5219,2009,EEA_3161-02-2,FRDR196B
13872,2009,EEA_3161-03-3,FRGR0370
2600,2009,EEA_3161-01-1,FRHR11A
7610,2009,EEA_3161-01-1,FRAR41
6035,2008,EEA_3161-01-1,FRAR66
5642,2008,EEA_31615-01-7,FRGR0927
8435,2009,EEA_3161-02-2,FRAR57
7620,2009,EEA_3161-05-5,FRAR49
19120,2009,EEA_3161-02-2,FRFR161
13646,2009,EEA_3161-05-5,FRHR95A
13865,2009,EEA_3161-02-2,FRGR0351C
13670,2009,EEA_3161-01-1,FRFR318A
15890,2009,EEA_3161-01-1,FRGR0534
18116,2009,EEA_3161-03-3,LVL100SP
10987,2008,EEA_3161-01-1,FRHR242
6780,2008,EEA_31615-01-7,FRFR614
681,2008,EEA_3161-02-2,FRGR0460C
9880,2008,EEA_3161-05-5,FRGR0530
6320,2009,EEA_31615-01-7,BERW06_ML06R
11184,2009,EEA_31615-01-7,FRHR123
5230,2009,EEA_31615-01-7,FRDR185
19591,2009,EEA_31615-01-7,FRGR0361
552,2008,EEA_3161-05-5,FRGR0361
992,2008,EEA_3161-02-2,FRDR2031
9729,2008,EEA_3161-01-1,FRFR157A
7179,2009,EEA_3161-01-1,FRGR0007A
15833,2008,EEA_31615-01-7,FRGR0546
6526,2008,EEA_31615-01-7,FRAR63
10703,2009,EEA_31615-01-7,FRGR0282
3814,2008,EEA_3161-05-5,FRHR235
16864,2009,EEA_3161-01-1,FRDR323C
2546,2008,EEA_3161-01-1,FRDR185
2858,2009,EEA_31615-01-7,FRHR20
8386,2009,EEA_3161-03-3,FRGR0550
6884,2008,EEA_31615-01-7,FRFR158
6563,2008,EEA_3161-02-2,FRGR0273
18377,2008,EEA_3161-01-1,FRDR517C
3459,2009,EEA_31615-01-7,FI14_923_Y01
13446,2008,EEA_3161-01-1,FRGR0308
13269,2009,EEA_31615-01-7,FRDR161A
12488,2009,EEA_3161-02-2,FRFRR186_5
5062,2008,EEA_3161-01-1,FRGR0143A
1225,2006,EEA_3161-02-2,UKSC010465
9754,2008,EEA_3161-02-2,FRGR0309A
378,2009,EEA_3161-01-1,FRHR354-I5030600
5480,2008,EEA_3161-01-1,FRDR10693
736,2008,EEA_3161-05-5,FRDR11502
19092,2009,EEA_31615-01-7,FRFR187
10634,2009,EEA_3161-01-1,FRDR368A
6731,2009,EEA_3161-05-5,FRAR03
11909,2010,EEA_3161-02-2,FRFR188
18361,2008,EEA_3161-05-5,FRDR680
9077,2009,EEA_3161-03-3,FRHR265
9775,2008,EEA_3161-02-2,FRHR97
12117,2009,EEA_3161-02-2,LVG253
19361,2010,EEA_3161-02-2,FRHR216C
3735,2008,EEA_3161-05-5,FRDR2007E
2506,2008,EEA_3161-02-2,FRDR136B
10064,2009,EEA_3161-01-1,ES064MSPF000206680
324,2009,EEA_31615-01-7,FRDR173B
10719,2009,EEA_3161-03-3,FRGR0094
11640,2009,EEA_3161-02-2,FRGR0007A
17654,2008,EEA_3161-02-2,FRGR0547B
7364,2009,EEA_3161-01-1,FRFR777
1207,2006,EEA_3161-02-2,UKSC006000
14934,2009,EEA_3161-05-5,FRGR0527
10249,2009,EEA_3161-05-5,ES030MSPF1005021
11098,2008,EEA_3161-02-2,UKGB108045015050
16616,2009,EEA_3161-05-5,ES014MSPFES-014-NR-111-025-02-02
6973,2008,EEA_3161-05-5,FRDR161B
3696,2008,EEA_3161-05-5,FRDR517A
7428,2009,EEA_3161-05-5,FRGR0003A
9101,2009,EEA_3161-05-5,FRHR167
8420,2009,EEA_3161-01-1,FRGR0550
4442,2009,EEA_3161-01-1,FRGR0527
5755,2009,EEA_3161-02-2,FRHR346-I90-0400
5081,2008,EEA_3161-01-1,FRGR1197
1632,2009,EEA_3161-02-2,FRGR0058
5637,2008,EEA_3161-01-1,FRGR0927
19840,2009,EEA_3161-01-1,FRFR289B
15207,2009,EEA_31615-01-7,FRHR41
9778,2008,EEA_3161-01-1,FRGR0309A
13442,2008,EEA_3161-01-1,FRAR03
16832,2009,EEA_3161-05-5,FRDR319
15173,2009,EEA_3161-02-2,FRDR84
7226,2006,EEA_3161-02-2,UKGB106038033290
10683,2009,EEA_3161-05-5,FRGR0281
8795,2008,EEA_3161-02-2,FRDR188
854,2009,EEA_3161-05-5,ES030MSPF0404021
14013,2010,EEA_3161-02-2,UKSC020317
4270,2009,EEA_31615-01-7,FRCR214
9822,2008,EEA_3161-03-3,FRCR155
9886,2008,EEA_31615-01-7,FRGR0007F
6835,2008,EEA_3161-02-2,ES014MSPFES-014-NR-204-000-04-02
7391,2009,EEA_3161-01-1,FRGR0543
8579,2009,EEA_3161-05-5,FRDR187
11915,2010,EEA_3161-02-2,FRFR187
12210,2010,EEA_3161-01-1,ES12222
17325,2009,EEA_3161-01-1,FRHR185
6777,2008,EEA_3161-05-5,FRHR32
15710,2009,EEA_31615-01-7,SE631940-152245
6636,2009,EEA_3161-03-3,FRGR0547B
5641,2008,EEA_3161-05-5,FRGR0927
5517,2009,EEA_3161-02-2,FRER65
3196,2008,EEA_3161-03-3,FRDR196A
1776,2009,EEA_3161-01-1,FRDR106
655,2006,EEA_3161-02-2,UKSC010657
15500,2009,EEA_3161-05-5,FRGR1245
3164,2008,EEA_3161-02-2,FRDR199
2909,2006,EEA_3161-05-5,UKGB108045015050
1259,2008,EEA_3161-01-1,FRDR506B
8557,2010,EEA_3161-01-1,ES030MSPF0735010
16348,2009,EEA_3161-02-2,UKSC003806
12527,2009,EEA_3161-05-5,FRFR161
12328,2008,EEA_3161-02-2,UKGB106039023220
4495,2009,EEA_3161-01-1,FRFR330B
563,2008,EEA_3161-05-5,FRGR0444
11504,2009,EEA_3161-02-2,FRGR0007D
6722,2009,EEA_3161-05-5,FRAR61
13667,2009,EEA_3161-02-2,FRFR671
18279,2009,EEA_3161-05-5,FRGR0422
1875,2009,EEA_31615-01-7,ES030MSPF0805021
353,2009,EEA_3161-01-1,FRHR317-I4310600
19310,2008,EEA_3161-02-2,FRGR0548
5127,2008,EEA_31615-01-7,FRCR335
17419,2009,EEA_3161-02-2,UKSC010101
13261,2009,EEA_3161-01-1,FRCR380
7666,2009,EEA_31615-01-7,FRFR251
14400,2010,EEA_3161-05-5,ES030MSPF0145011
5676,2008,EEA_3161-01-1,FRFR213A
1333,2006,EEA_31615-01-7,UKSC006800
7138,2009,EEA_31615-01-7,FRGR0144B
3200,2008,EEA_3161-05-5,FRDR188
5239,2009,EEA_3161-05-5,FRDR11359
5792,2008,EEA_3161-02-2,UKSC003000
17424,2009,EEA_31615-01-7,UKSC005287
18814,2010,EEA_3161-02-2,UKSC010757
5597,2008,EEA_3161-03-3,FRGR0927
3008,2008,EEA_3161-05-5,FRDR227
9102,2009,EEA_31615-01-7,FRHR167
6550,2008,EEA_3161-01-1,FRHR14
13716,2010,EEA_3161-02-2,FRFR165
4760,2009,EEA_31615-01-7,FRHR11A
884,2009,EEA_3161-03-3,FRCR22
3051,2008,EEA_3161-02-2,FRDR227
18781,2010,EEA_3161-02-2,FRFR183
7618,2009,EEA_3161-03-3,FRAR48
4557,2009,EEA_3161-05-5,FRGR0560
18875,2010,EEA_3161-05-5,LT100100014
735,2008,EEA_3161-01-1,FRDR11502
6631,2009,EEA_3161-02-2,FRAR04
13842,2009,EEA_31615-01-7,LVG215
18852,2009,EEA_3161-03-3,FRHR139
5771,2009,EEA_31615-01-7,FRAR43
3731,2008,EEA_3161-01-1,FRGR0248
11283,2008,EEA_3161-01-1,BERW06_VE18R
11829,2009,EEA_3161-05-5,FRHR228A
135,2008,EEA_3161-05-5,FRGR0543
2922,2008,EEA_31615-01-7,FRDR687B
1921,2009,EEA_31615-01-7,FRCR156
8807,2008,EEA_3161-05-5,FRGR0302
10191,2010,EEA_3161-02-2,FRGR0248
16440,2009,EEA_3161-05-5,FRDR2001B
5286,2008,EEA_3161-02-2,FRFR163
15190,2009,EEA_3161-05-5,FRGR1116
18276,2009,EEA_3161-01-1,FRGR0413
5285,2008,EEA_3161-03-3,FRFR163
6642,2009,EEA_3161-03-3,ES030MSPF0712010
1139,2006,EEA_31615-01-7,UKSC020305
6888,2008,EEA_3161-03-3,FRAR66
14449,2009,EEA_3161-01-1,FRHR143
1738,2009,EEA_3161-02-2,FRDR110
2477,2007,EEA_3161-02-2,UKSC005105
18283,2009,EEA_3161-01-1,ES080MSPF01-03
8520,2006,EEA_31615-01-7,UKGB103023074790
3860,2008,EEA_31615-01-7,FRER36
12121,2009,EEA_3161-03-3,LVG215
8269,2008,EEA_3161-02-2,UKGB104027057770
5844,2008,EEA_3161-02-2,UKSC020317
16484,2009,EEA_3161-05-5,FRGR2060
5807,2008,EEA_3161-02-2,UKSC004734
11064,2008,EEA_3161-02-2,FRHR263
10612,2009,EEA_3161-01-1,ES030MSPF0427021
19260,2008,EEA_3161-05-5,FRGR0545
19725,2010,EEA_3161-02-2,FRDR277A
3890,2008,EEA_3161-02-2,FRER33
265,2009,EEA_3161-05-5,FRB1R557
2597,2009,EEA_3161-05-5,FRHR4-F0406000
11295,2008,EEA_3161-01-1,BERW06_ML06R
11649,2009,EEA_3161-02-2,FRDR593A
15826,2008,EEA_3161-01-1,FRGR0543
2511,2008,EEA_3161-02-2,FRDR185
3110,2008,EEA_3161-01-1,FRDR202
3442,2009,EEA_31615-01-7,FRGR0545
1524,2008,EEA_3161-05-5,FRCR458
6964,2008,EEA_31615-01-7,FRGR0298
10857,2009,EEA_3161-05-5,FRFR165
16943,2008,EEA_31615-01-7,FRAR37
8105,2007,EEA_3161-02-2,UKGB103023075801
19264,2008,EEA_3161-01-1,BERW06_OU11R
760,2008,EEA_3161-05-5,FRDR182
8052,2006,EEA_3161-02-2,UKGB103023075801
8842,2008,EEA_31615-01-7,FRGR0460C
9076,2009,EEA_3161-03-3,FRHR233
14554,2009,EEA_3161-03-3,FRGR0344
11626,2009,EEA_3161-05-5,FRDR530
5342,2009,EEA_3161-01-1,FRFR229
17049,2010,EEA_3161-02-2,FRGR0094
7846,2009,EEA_3161-01-1,FRGR0161A
1109,2009,EEA_3161-01-1,FRGR0131
9137,2008,EEA_3161-01-1,FRHR241
16193,2010,EEA_3161-01-1,ES030MSPF0712010
19894,2009,EEA_3161-01-1,ES080MSPF18-28
6077,2008,EEA_3161-01-1,FRDR251
4349,2008,EEA_3161-03-3,FRFR296A
5376,2009,EEA_31615-01-7,FRFR281
10700,2009,EEA_31615-01-7,FRGR0283
11503,2009,EEA_3161-05-5,FRGR0007D
16369,2010,EEA_3161-02-2,ES030MSPF0522011
11142,2008,EEA_3161-02-2,UKSC020110
3596,2008,EEA_3161-01-1,SE666308-137522
4228,2008,EEA_3161-05-5,FRGR0472
9733,2008,EEA_31615-01-7,FRFR252A
9549,2008,EEA_3161-02-2,UKSC023346
6141,2009,EEA_31615-01-7,FRB2R54
3852,2008,EEA_3161-02-2,FRHR241
4890,2008,EEA_31615-01-7,FRAR04
16179,2010,EEA_3161-05-5,ES030MSPF0712010
16982,2008,EEA_3161-03-3,FRHR314
19197,2008,EEA_3161-02-2,UKGB106039029810
9758,2008,EEA_3161-01-1,FRCR156
6080,2008,EEA_3161-03-3,FRDR211
888,2007,EEA_31615-01-7,UKSC005266
5685,2008,EEA_3161-03-3,FRFR300B
15885,2008,EEA_3161-03-3,FRGR0574
8908,2008,EEA_3161-01-1,FRGR1026
6577,2008,EEA_3161-01-1,FRHR24
901,2007,EEA_3161-02-2,UKSC004000
5079,2008,EEA_3161-02-2,FRGR0229
18722,2009,EEA_3161-03-3,ES13073
4930,2009,EEA_3161-03-3,ES030MSPF0711010
2651,2009,EEA_3161-02-2,FRCR176
1785,2009,EEA_3161-02-2,FRDR106
5075,2008,EEA_31615-01-7,FRDR312
7231,2006,EEA_3161-02-2,UKGB106039023220
6450,2008,EEA_3161-02-2,FRGR0563
6703,2009,EEA_3161-05-5,FRAR66
453,2007,EEA_3161-02-2,UKSC010000
12445,2009,EEA_3161-05-5,FRDR412
16076,2009,EEA_3161-03-3,FRGR0414
7812,2009,EEA_31615-01-7,FRGR0547B
6747,2009,EEA_3161-05-5,FRDR175B
5938,2009,EEA_3161-05-5,ES030MSPF0735010
10738,2009,EEA_3161-03-3,FRHR4-F0406000
19915,2009,EEA_3161-02-2,ES080MSPF18-28
49,2009,EEA_3161-01-1,FRGR0178A
8018,2009,EEA_3161-01-1,FRGR0094
19352,2009,EEA_3161-02-2,FRHR233
1774,2009,EEA_3161-01-1,FRDR109
14389,2010,EEA_31615-01-7,ES030MSPF0428021
17748,2010,EEA_3161-02-2,FRFR296B
3163,2008,EEA_31615-01-7,FRDR199
8001,2006,EEA_3161-02-2,UKSC006499
8895,2008,EEA_3161-01-1,FRGR0460C
6602,2008,EEA_3161-01-1,ES014MSPFES-014-NR-244-000-05-01
18330,2009,EEA_3161-02-2,ES080MSPF01-03
2133,2009,EEA_3161-02-2,ES030MSPF0310010
12367,2009,EEA_3161-05-5,FRDR362A
14230,2009,EEA_3161-03-3,FRGR0513
2215,2009,EEA_3161-05-5,FRGR0504
1088,2009,EEA_3161-05-5,FRGR0126C
9753,2008,EEA_31615-01-7,FRGR0309A
10702,2009,EEA_3161-05-5,FRGR0282
4304,2009,EEA_3161-05-5,FRGR0186
480,2008,EEA_3161-02-2,FRDR490
14583,2010,EEA_3161-03-3,ES12179
5576,2008,EEA_31615-01-7,FRGR0575B
6586,2008,EEA_31615-01-7,ES014MSPFES-014-MR-122-000-02-00
12463,2009,EEA_31615-01-7,UKSC005105
9418,2009,EEA_3161-03-3,FRAR49
9819,2008,EEA_3161-05-5,FRHR97
3421,2009,EEA_3161-02-2,ES030MSPF0318010
7628,2009,EEA_3161-05-5,ES014MSPFES-014-NR-163-000-02-00
5065,2008,EEA_3161-05-5,FRGR1197
2928,2008,EEA_31615-01-7,FRGR0375
3850,2008,EEA_3161-01-1,FRHR238
2384,2009,EEA_3161-02-2,FRCR78
221,2009,EEA_3161-05-5,FRGR0248
5259,2009,EEA_3161-01-1,FRDR11359
344,2009,EEA_3161-05-5,FRHR354-I5030600
6915,2008,EEA_3161-03-3,FRAR01
6555,2008,EEA_3161-02-2,FRHR18
17170,2010,EEA_3161-01-1,ES12117
2985,2008,EEA_3161-02-2,FRDR233
7139,2009,EEA_3161-02-2,FRGR0144B
3986,2009,EEA_3161-02-2,ES030MSPF0448021
5787,2009,EEA_3161-03-3,ES014MSPFES-014-NR-163-000-02-00
18654,2009,EEA_3161-03-3,FRGR0362
8733,2010,EEA_3161-02-2,FRFR228
10298,2009,EEA_3161-05-5,FRFR348
1671,2009,EEA_3161-01-1,FRGR0054
13024,2008,EEA_3161-01-1,FRGR0390
9641,2009,EEA_3161-03-3,FRGR0475
6039,2008,EEA_3161-05-5,FRFR304
19856,2009,EEA_3161-01-1,FRDR2007E
3623,2008,EEA_31615-01-7,FRCR333
1115,2009,EEA_3161-01-1,FRGR0126C
7552,2008,EEA_3161-05-5,FRDR428B
6653,2009,EEA_3161-02-2,FRAR05
11645,2009,EEA_31615-01-7,FRGR2153
4805,2009,EEA_3161-05-5,FRGR0224
5260,2009,EEA_3161-01-1,FRDR136B
14329,2009,EEA_3161-02-2,FRFR348
4271,2009,EEA_3161-02-2,FRCR214
18727,2009,EEA_3161-02-2,ES014MSPFES-014-NR-244-000-05-01
210,2009,EEA_3161-01-1,FRGR0418
946,2007,EEA_31615-01-7,UKSC010484
12116,2009,EEA_3161-03-3,LVG253
11403,2008,EEA_31615-01-7,FRGR0358
19531,2009,EEA_3161-01-1,FRHR109
7158,2009,EEA_3161-02-2,FRDR432
7703,2007,EEA_3161-02-2,UKSC023346
19470,2010,EEA_31615-01-7,UKSC010101
1332,2006,EEA_31615-01-7,UKSC006834
9720,2009,EEA_31615-01-7,FI81_064_001
7819,2009,EEA_3161-01-1,FRAR49
19307,2008,EEA_3161-02-2,FRGR0573
15480,2009,EEA_3161-02-2,UKSC020110
4570,2009,EEA_3161-03-3,FRGR0541
1287,2008,EEA_31615-01-7,BERW06_MV35R
2124,2009,EEA_3161-02-2,ES12086
3720,2008,EEA_31615-01-7,FRDR11534
17235,2009,EEA_3161-05-5,FRHR123
16077,2009,EEA_3161-02-2,FRGR0414
15529,2009,EEA_3161-02-2,FRDR648B
15229,2009,EEA_3161-05-5,FRGR0007B
3868,2008,EEA_3161-01-1,FRER36
19740,2010,EEA_3161-02-2,FRDR329B
8837,2008,EEA_3161-03-3,FRGR0518
3460,2009,EEA_3161-02-2,FI14_923_Y01
1137,2006,EEA_31615-01-7,UKSC020446
11055,2008,EEA_31615-01-7,FRHR344-I8004000
10225,2009,EEA_3161-02-2,ES030MSPF1005021
183,2009,EEA_3161-05-5,FRHR233
14165,2009,EEA_3161-05-5,FRFRR186_5
8866,2008,EEA_3161-03-3,FRGR0524
19573,2009,EEA_3161-05-5,FRHR259
4080,2009,EEA_3161-05-5,FRGR0007F
14228,2009,EEA_3161-01-1,FRGR0513
5088,2008,EEA_3161-01-1,FRDR312
15169,2009,EEA_3161-05-5,FRHR41
8357,2009,EEA_3161-02-2,FRGR0546
15548,2009,EEA_31615-01-7,FRGR1534
13843,2009,EEA_3161-02-2,LVG215
7531,2008,EEA_31615-01-7,FRDR517C
18300,2009,EEA_3161-03-3,FRHR238
1920,2009,EEA_3161-05-5,FRCR156
6112,2009,EEA_3161-01-1,FRGR0544
15171,2009,EEA_3161-05-5,FRER65
1563,2008,EEA_3161-02-2,FRCR333
301,2009,EEA_3161-01-1,ES12118
16826,2009,EEA_3161-02-2,FRFR349B
3125,2008,EEA_3161-01-1,FRDR197
19261,2008,EEA_31615-01-7,FRGR0545
12544,2009,EEA_31615-01-7,FRFR157A
1583,2008,EEA_31615-01-7,SE667320-153747
361,2009,EEA_3161-01-1,FRGR0002
5754,2009,EEA_3161-03-3,FRHR346-I90-0400
8567,2009,EEA_31615-01-7,FRAR66
12663,2010,EEA_3161-02-2,FRHR354-I5030600
3415,2008,EEA_3161-02-2,FRFR158
15888,2008,EEA_3161-01-1,FRGR0544
19519,2009,EEA_3161-03-3,FRHR109
5264,2009,EEA_3161-01-1,FRDR185
17958,2009,EEA_3161-02-2,FRFR220
4985,2008,EEA_3161-03-3,FRGR0264
16249,2009,EEA_31615-01-7,FRFR506
10725,2009,EEA_3161-01-1,FRGR0282
9785,2008,EEA_31615-01-7,FRCR155
13023,2008,EEA_31615-01-7,UKGB108047004000
14074,2008,EEA_3161-02-2,UKGB106038033270
19849,2009,EEA_31615-01-7,FRFR289B
11549,2009,EEA_3161-05-5,FRGR0351C
17670,2008,EEA_31615-01-7,FRGR0543
6131,2009,EEA_3161-02-2,FRAR08
15151,2009,EEA_31615-01-7,FI59-923-1-006_001
1160,2006,EEA_31615-01-7,UKSC010758
7492,2008,EEA_31615-01-7,FRDR676
10032,2009,EEA_31615-01-7,FRHR200
6446,2008,EEA_3161-02-2,FRGR2017
15821,2008,EEA_3161-05-5,FRGR0007F
6754,2009,EEA_3161-02-2,FRAR13
6977,2008,EEA_3161-02-2,FRGR0295
1108,2009,EEA_3161-02-2,FRGR0126C
17888,2010,EEA_3161-01-1,ES030MSPF0109020
16880,2009,EEA_3161-05-5,FRDR282
3843,2008,EEA_3161-02-2,FRHR242
9694,2009,EEA_3161-02-2,FRGR0462A
11085,2008,EEA_3161-02-2,FRDR220
15575,2009,EEA_3161-05-5,FRDR648B
818,2009,EEA_3161-03-3,ES030MSPF0404021
13409,2008,EEA_3161-03-3,FRCR156
13392,2008,EEA_3161-03-3,ES014MSPFES-014-NR-163-000-02-00
4436,2009,EEA_3161-05-5,FRGR0525
18365,2008,EEA_3161-05-5,FRDR677
9737,2008,EEA_31615-01-7,FI04_331_Y01
501,2008,EEA_31615-01-7,FRDR541A
1098,2009,EEA_3161-01-1,FRGR0111
2960,2008,EEA_3161-05-5,ES014MSPFES-014-NR-163-000-02-00
19123,2009,EEA_3161-05-5,FRFR187
1446,2008,EEA_3161-05-5,FRGR0458
18393,2008,EEA_3161-02-2,FRDR676
9602,2009,EEA_3161-02-2,FRGR0475
16508,2009,EEA_31615-01-7,FRHR239
105,2006,EEA_3161-02-2,UKSC010758
8174,2009,EEA_3161-02-2,ES030MSPF0717010
17164,2009,EEA_3161-02-2,UKGB108047004000
8720,2010,EEA_3161-02-2,FRFRR227_2
3191,2008,EEA_3161-01-1,FRDR200
1727,2009,EEA_3161-03-3,FRGR0052
11831,2009,EEA_3161-05-5,FRHR183-H0182000
6899,2008,EEA_3161-05-5,FRGR0295
16505,2009,EEA_3161-02-2,FRGR0413
6764,2008,EEA_3161-01-1,FRHR24
15023,2008,EEA_3161-02-2,UKGB110061030670
18357,2008,EEA_3161-02-2,FRDR280
4793,2009,EEA_3161-03-3,FRGR0186
2534,2008,EEA_31615-01-7,FRDR11502
19656,2009,EEA_3161-02-2,UKSC020057
1769,2009,EEA_31615-01-7,FRDR110
15359,2010,EEA_3161-02-2,FRGR0054
11813,2009,EEA_3161-01-1,FRHR202A
13365,2008,EEA_3161-05-5,FRAR35
1090,2009,EEA_3161-02-2,FRGR0131
3438,2009,EEA_3161-02-2,FRGR0549A
4989,2008,EEA_3161-05-5,FRGR0143A
19702,2010,EEA_3161-02-2,ES030MSPF1037010
18305,2009,EEA_3161-05-5,FRHR241
4110,2009,EEA_3161-05-5,FRAR18
16931,2008,EEA_3161-02-2,FRGR0007C
7160,2009,EEA_3161-05-5,FRDR220
3597,2008,EEA_3161-05-5,SE666308-137522
17529,2007,EEA_3161-02-2,UKGB105033037500
9875,2008,EEA_3161-05-5,FRGR0525
1060,2009,EEA_3161-03-3,FRHR21
19691,2010,EEA_3161-02-2,ES030MSPF1020010
18980,2009,EEA_31615-01-7,FRDR323C
2940,2008,EEA_3161-05-5,FRER36
7481,2006,EEA_3161-02-2,UKSC020446
18278,2009,EEA_3161-01-1,FRGR0422
5115,2008,EEA_3161-05-5,ES017MSPFES111R042010
12433,2009,EEA_3161-01-1,FRGR0337A
3366,2008,EEA_31615-01-7,FRGR0011B
12122,2009,EEA_3161-02-2,LVG215
1310,2006,EEA_31615-01-7,UKSC010000
9749,2008,EEA_3161-05-5,FRGR0308
10844,2009,EEA_3161-05-5,ES014MSPFES-014-NR-204-000-03-00
4580,2009,EEA_3161-05-5,FRDR670
1053,2009,EEA_3161-05-5,FRGR0111
5766,2009,EEA_3161-05-5,FRAR50
14164,2009,EEA_3161-05-5,FRFR252A
7705,2007,EEA_3161-02-2,UKSC023265
1383,2008,EEA_3161-01-1,FRGR0462B
15346,2010,EEA_3161-02-2,FRAR43
6775,2008,EEA_3161-01-1,ES10373
1883,2007,EEA_3161-02-2,UKSC010610
2083,2009,EEA_31615-01-7,FRCR151
17671,2008,EEA_3161-01-1,FRGR0546
2933,2008,EEA_3161-02-2,FRGR0375
931,2007,EEA_31615-01-7,UKSC023000
10659,2008,EEA_3161-03-3,FRGR0530
1427,2008,EEA_3161-02-2,FRGR0458
13569,2009,EEA_3161-03-3,FRCR333
6590,2008,EEA_31615-01-7,ES10373
1672,2009,EEA_3161-05-5,ES030MSPF0428021
13373,2008,EEA_3161-01-1,FRHR95A
16525,2009,EEA_31615-01-7,FRGR0411B
18591,2009,EEA_3161-02-2,UKSC004000
18286,2009,EEA_3161-02-2,FRHR246B
9771,2008,EEA_3161-03-3,FRHR77
15769,2006,EEA_3161-02-2,UKGB109054043960
13228,2008,EEA_3161-03-3,BERW06_ML12R
2831,2009,EEA_3161-02-2,ES030MSPF0732010
16552,2009,EEA_3161-03-3,FRGR0419
6658,2009,EEA_31615-01-7,FRAR61
14922,2009,EEA_3161-05-5,FRHR264A
1526,2008,EEA_3161-03-3,FRCR333
4999,2008,EEA_3161-05-5,FRGR0264
20,2009,EEA_3161-05-5,FRDR179
872,2009,EEA_3161-01-1,ES030MSPF0329010
5348,2009,EEA_3161-05-5,FRFRR281_4
18847,2009,EEA_3161-01-1,FRHR137
7413,2009,EEA_3161-02-2,FI53_011_Y01
15593,2009,EEA_31615-01-7,FRDR10142
15409,2009,EEA_3161-03-3,FRFR318A
16501,2009,EEA_3161-02-2,FRGR0411B
12941,2010,EEA_3161-01-1,ES030MSPF0419010
12926,2010,EEA_31615-01-7,FI59_521_Y01
14157,2007,EEA_3161-02-2,UKGB106038033290
11470,2009,EEA_31615-01-7,FRGR0370
17467,2015,EEA_31615-01-7,ES030MSPF0717010
3149,2008,EEA_31615-01-7,FRGR0956C
13953,2010,EEA_3161-02-2,FI59-923-1-006_001
9702,2009,EEA_3161-02-2,FRGR0476
16333,2009,EEA_3161-02-2,LVL100SP
11111,2008,EEA_3161-02-2,UKSC010657
18665,2009,EEA_3161-05-5,FRFR251
15336,2010,EEA_31615-01-7,UKSC005950
16137,2009,EEA_31615-01-7,FRHR259
12628,2010,EEA_3161-03-3,ES030MSPF0114010
5128,2008,EEA_3161-02-2,FRCR335
17871,2010,EEA_31615-01-7,ES030MSPF0109020
11112,2008,EEA_3161-02-2,UKSC010484
16848,2009,EEA_3161-03-3,FRFR100
16184,2010,EEA_3161-05-5,FI18_011_Y01
2263,2008,EEA_3161-03-3,FRGR0575B
5043,2008,EEA_3161-05-5,FRGR0231
13276,2009,EEA_3161-02-2,FRDR161B
13703,2009,EEA_3161-03-3,ES017MSPFES111R042010
5418,2009,EEA_3161-02-2,FRFR230
12524,2009,EEA_3161-05-5,FRFR166
11423,2008,EEA_3161-02-2,FRGR0358
7635,2009,EEA_3161-01-1,FRGR2017
4819,2009,EEA_31615-01-7,FRGR0224
4888,2008,EEA_3161-03-3,FRDR275
11608,2009,EEA_3161-02-2,FRGR1116
12672,2010,EEA_3161-02-2,FRHR173
12923,2010,EEA_3161-02-2,FI59_411_Y01
11070,2008,EEA_3161-03-3,FRHR265
19284,2008,EEA_3161-05-5,FRGR0549A
11107,2008,EEA_3161-02-2,UKSC020563
13814,2009,EEA_31615-01-7,FRCR267
12427,2009,EEA_3161-02-2,UKSC005202
14098,2007,EEA_3161-02-2,UKGB106038033270
15797,2006,EEA_3161-02-2,UKGB105033037500
12187,2008,EEA_31615-01-7,UKSC003000
18950,2009,EEA_3161-02-2,FRDR319
18575,2009,EEA_31615-01-7,UKSC006830
15525,2009,EEA_31615-01-7,FRDR599
18033,2009,EEA_3161-05-5,FRHR70A
6102,2009,EEA_3161-01-1,FRGR0162
5026,2008,EEA_31615-01-7,FRGR0143A
8112,2008,EEA_31615-01-7,UKGB103023074790
17918,2009,EEA_3161-03-3,FRHR173
4191,2008,EEA_3161-02-2,FRDR530
5252,2009,EEA_3161-02-2,FRDR11502
4328,2009,EEA_3161-05-5,FRDR172
9393,2009,EEA_3161-05-5,FRFR178
11161,2009,EEA_3161-01-1,FRHR238
16424,2009,EEA_3161-03-3,ES030MSPF0145011
10007,2009,EEA_3161-02-2,FRHR205
3918,2009,EEA_3161-02-2,FRCR212
8684,2010,EEA_3161-02-2,FRGR0455B
4028,2009,EEA_3161-02-2,ES030MSPF0731010
10224,2009,EEA_31615-01-7,ES030MSPF1005021
15902,2009,EEA_3161-05-5,ES014MSPFES-014-NR-111-025-02-02
5752,2009,EEA_3161-01-1,FRFR279
18036,2009,EEA_3161-02-2,FRHR52A
13264,2009,EEA_3161-02-2,FRCR381
3576,2008,EEA_3161-01-1,FRCR381
16867,2009,EEA_3161-01-1,FRDR319
769,2009,EEA_3161-05-5,FRB1R723
8358,2009,EEA_3161-01-1,FRGR0548
4237,2008,EEA_3161-01-1,FRDR530
11158,2009,EEA_31615-01-7,FRHR235
5709,2008,EEA_3161-01-1,FRFR215B
6691,2009,EEA_31615-01-7,FRAR03
15124,2010,EEA_31615-01-7,ES12222
16332,2009,EEA_31615-01-7,LVL100SP
13738,2009,EEA_31615-01-7,FRCR248
6839,2008,EEA_3161-05-5,FRHR24
14817,2009,EEA_3161-01-1,FRHR235
8446,2009,EEA_3161-05-5,FRAR51
1441,2008,EEA_31615-01-7,FRGR1337
2890,2008,EEA_3161-02-2,FRGR0368C
6101,2009,EEA_3161-03-3,FRGR0161A
6716,2009,EEA_3161-03-3,FRAR02
2924,2008,EEA_3161-05-5,FRGR0368C
5828,2008,EEA_3161-02-2,UKSC020165
17941,2009,EEA_3161-03-3,FRFR220
11037,2008,EEA_3161-01-1,FRHR336
8409,2009,EEA_31615-01-7,FRAR40
17526,2007,EEA_3161-02-2,UKGB106039029810
5009,2008,EEA_3161-01-1,FRDR329B
18370,2008,EEA_3161-03-3,FRDR429A
4708,2009,EEA_3161-02-2,FI81_064_001
16934,2008,EEA_3161-01-1,FRGR0311A
7533,2008,EEA_3161-02-2,FRDR2015
14568,2010,EEA_3161-02-2,FRGR0308
5543,2009,EEA_3161-02-2,FRDR625
5257,2009,EEA_3161-05-5,FRDR182
803,2009,EEA_3161-03-3,FRB1R557
6149,2009,EEA_31615-01-7,FRAR32
16824,2009,EEA_3161-05-5,FRFR349B
15123,2010,EEA_3161-05-5,ES12222
2973,2006,EEA_3161-02-2,UKSC010101
3740,2008,EEA_3161-02-2,FRDR11534
8865,2008,EEA_3161-03-3,FRGR0520
8638,2009,EEA_3161-03-3,FRAR13
7161,2009,EEA_3161-02-2,FRDR220
6025,2008,EEA_3161-03-3,FRFR611
1410,2008,EEA_3161-01-1,FRGR0462A
995,2008,EEA_31615-01-7,FRDR1060
8604,2009,EEA_3161-01-1,FRDR196B
384,2009,EEA_3161-02-2,FRHR317-I4310600
8353,2009,EEA_3161-05-5,FRAR40
1591,2008,EEA_3161-01-1,FRCR457
13924,2009,EEA_3161-05-5,FRGR0359A
17598,2009,EEA_3161-05-5,FRFRR158_1
2769,2008,EEA_3161-02-2,FRDR1060
1948,2008,EEA_3161-01-1,FRDR517A
3053,2008,EEA_3161-05-5,FRGR0144B
16176,2010,EEA_3161-02-2,ES12179
2877,2009,EEA_3161-05-5,FRGR0131
4460,2009,EEA_31615-01-7,ES014MSPFES-014-NR-204-000-04-02
13997,2010,EEA_31615-01-7,UKSC020305
9802,2008,EEA_31615-01-7,FI59_411_Y01
9011,2009,EEA_3161-05-5,ES030MSPF0419010
13813,2009,EEA_3161-05-5,FRCR267
5040,2008,EEA_3161-01-1,FRGR0231
9765,2008,EEA_3161-01-1,FRHR93B
12382,2009,EEA_3161-05-5,FRDR368A
3886,2008,EEA_3161-05-5,FRDR673
598,2009,EEA_3161-05-5,FRGR0004A
18068,2010,EEA_31615-01-7,ES030MSPF1037010
179,2009,EEA_3161-01-1,FRHR232B
9934,2009,EEA_3161-02-2,UKSC006586
8794,2008,EEA_3161-03-3,FRDR188
3697,2008,EEA_3161-02-2,FRDR517A
2783,2008,EEA_3161-01-1,FRDR91
1320,2006,EEA_31615-01-7,UKSC004000
5825,2008,EEA_3161-02-2,UKSC020446
1507,2008,EEA_3161-03-3,SE667320-153747
6083,2008,EEA_3161-01-1,FRDR203
8894,2008,EEA_3161-05-5,FRGR0505B
6762,2008,EEA_31615-01-7,FRHR24
2503,2008,EEA_3161-02-2,FRDR11359
17024,2008,EEA_3161-02-2,FRHR317-I4310600
5527,2009,EEA_3161-03-3,FRDR599
16664,2008,EEA_31615-01-7,FRDR677
2101,2009,EEA_3161-03-3,ES030MSPF0318010
16439,2009,EEA_3161-01-1,FRDR2001B
8352,2009,EEA_3161-01-1,FRAR40
11281,2008,EEA_31615-01-7,BERW06_AM17R
16811,2009,EEA_31615-01-7,FRDR368A
13739,2009,EEA_3161-02-2,FRCR248
3199,2008,EEA_3161-01-1,FRDR188
19893,2009,EEA_3161-03-3,ES080MSPF01-03
6321,2009,EEA_31615-01-7,BERW06_AM17R
1797,2009,EEA_31615-01-7,FRDR109
7844,2009,EEA_3161-02-2,FRGR0003A
1423,2008,EEA_3161-02-2,FRGR0462B
1161,2006,EEA_31615-01-7,UKSC010642
14824,2009,EEA_3161-02-2,FRHR239
5598,2008,EEA_3161-02-2,FRGR0927
2939,2008,EEA_3161-03-3,FRDR673
5374,2009,EEA_3161-02-2,FRFRR227_2
13835,2009,EEA_3161-03-3,FRCR249
18191,2009,EEA_3161-02-2,FRDR277A
17591,2009,EEA_3161-01-1,FRFR161
9679,2009,EEA_3161-01-1,FRGR0462A
4248,2009,EEA_3161-02-2,FRCR207
12968,2010,EEA_3161-02-2,FRHR284
8365,2009,EEA_3161-01-1,FRGR0545
8390,2009,EEA_3161-03-3,FRGR0544
12950,2010,EEA_3161-03-3,ES030MSPF0419010
14868,2009,EEA_3161-05-5,FRHR197
9301,2008,EEA_3161-03-3,BERW06_MV31R
1439,2008,EEA_3161-02-2,FRGR0462A
340,2009,EEA_31615-01-7,FRHR317-I4310600
6012,2008,EEA_3161-02-2,FRDR211
3842,2008,EEA_31615-01-7,FRHR242
13434,2008,EEA_3161-01-1,FRGR0007C
13697,2009,EEA_3161-01-1,ES017MSPFES111R040010
19572,2009,EEA_3161-01-1,FRHR259
12552,2009,EEA_3161-01-1,ES014MSPFES-014-MR-204-000-05-00
744,2008,EEA_3161-01-1,FRDR11359
12325,2007,EEA_3161-02-2,UKGB106039023220
6900,2008,EEA_3161-02-2,FRGR0007B
4247,2009,EEA_31615-01-7,FRCR207
12410,2009,EEA_3161-05-5,FRDR354B
6017,2008,EEA_3161-05-5,FRDR251
1652,2009,EEA_31615-01-7,FRGR1488
139,2008,EEA_3161-03-3,FRGR0543
2220,2009,EEA_3161-02-2,FRGR0505B
4540,2009,EEA_3161-02-2,FRFR228
2859,2009,EEA_3161-02-2,FRHR20
11512,2009,EEA_31615-01-7,UKSC005202
1200,2006,EEA_31615-01-7,UKSC020637
6606,2008,EEA_3161-05-5,ES014MSPFES-014-NR-204-000-04-02
230,2009,EEA_3161-01-1,ES030MSPF0522011
5031,2008,EEA_31615-01-7,FRGR0264
18159,2009,EEA_3161-05-5,FRDR2030
13869,2009,EEA_3161-03-3,FRGR1245
9774,2008,EEA_31615-01-7,FRHR97
14088,2007,EEA_3161-02-2,UKGB106039023232
6584,2008,EEA_31615-01-7,ES014MSPFES-014-NR-244-000-05-01
11162,2009,EEA_3161-05-5,FRHR238
14932,2009,EEA_3161-01-1,FRGR0530
18919,2009,EEA_3161-02-2,FI59_911_Y01
4236,2008,EEA_3161-05-5,FRDR530
19269,2008,EEA_31615-01-7,FRGR0574
5262,2009,EEA_3161-01-1,FRDR11502
7496,2008,EEA_3161-02-2,FRDR1806A
1330,2006,EEA_31615-01-7,UKSC003000
17713,2010,EEA_3161-02-2,FRFR158
7662,2009,EEA_3161-01-1,FRGR0538
5360,2009,EEA_31615-01-7,FRFR229
13830,2009,EEA_3161-03-3,FRCR248
16266,2009,EEA_31615-01-7,FRFR83A
3844,2008,EEA_31615-01-7,FRHR246A
8909,2008,EEA_3161-05-5,FRGR1026
3444,2009,EEA_3161-05-5,FRGR0541
14838,2009,EEA_3161-02-2,FRHR238
6670,2009,EEA_3161-01-1,FRAR05
5750,2009,EEA_3161-01-1,FRFR280
1706,2009,EEA_3161-05-5,FRGR0061
244,2009,EEA_31615-01-7,FRGR0143A
11918,2009,EEA_3161-05-5,FRHR185
3243,2009,EEA_3161-03-3,FRHR284
10027,2009,EEA_3161-02-2,FRHR180
1860,2009,EEA_3161-03-3,BERW06_ML06R
7491,2008,EEA_3161-01-1,FRDR677
10708,2009,EEA_3161-01-1,FRGR0273
2854,2009,EEA_3161-01-1,FRDR432
6164,2009,EEA_3161-01-1,FRAR32
13363,2009,EEA_3161-01-1,FRGR0121
13926,2009,EEA_3161-01-1,FRGR0375
2531,2008,EEA_3161-02-2,FRDR182
5881,2008,EEA_31615-01-7,FRGR0513
11866,2009,EEA_3161-05-5,FRFR614
15946,2010,EEA_31615-01-7,FI02_021_Y01
976,2008,EEA_31615-01-7,FRDR2031
15957,2010,EEA_3161-05-5,FI04_331_Y01
6720,2009,EEA_3161-03-3,FRAR01
9611,2009,EEA_3161-01-1,FRGR0476
12596,2009,EEA_3161-02-2,FRFR252A
733,2008,EEA_3161-01-1,FRDR136B
13730,2009,EEA_3161-01-1,FRCR248
2427,2009,EEA_3161-01-1,FRCR20
11025,2008,EEA_3161-03-3,FRHR259
3405,2008,EEA_3161-01-1,FRGR0007A
927,2007,EEA_31615-01-7,UKSC010757
15447,2009,EEA_3161-02-2,UKSC020165
8564,2009,EEA_3161-05-5,FRAR30
16436,2009,EEA_3161-02-2,FRDR2023
9092,2009,EEA_3161-03-3,FRHR202B
9680,2009,EEA_3161-05-5,FRGR0462A
11500,2009,EEA_3161-01-1,FRGR0007D
6684,2009,EEA_31615-01-7,FRAR61
13500,2009,EEA_31615-01-7,UKSC010220
9628,2009,EEA_3161-03-3,FRGR0455B
